,budget,movie_id,release_date,revenue,runtime,tconst
0,0,2,1988-10-21,0,69.0,tt0094675
1,0,3,1986-10-16,0,76.0,tt0092149
2,4000000,5,1995-12-09,4300000,98.0,tt0113101
3,21,6,1993-10-15,12,110.0,tt0107286
4,42000,8,2006-01-01,0,80.0,tt0825671
5,0,9,2004-09-02,0,15.0,tt0425473
6,11000000,11,1977-05-25,775398007,121.0,tt0076759
7,94000000,12,2003-05-30,940335536,100.0,tt0266543
8,55000000,13,1994-07-06,677945399,142.0,tt0109830
9,15000000,14,1999-09-15,356296601,122.0,tt0169547
10,839727,15,1941-04-30,23217674,119.0,tt0033467
11,12800000,16,2000-05-17,40031879,140.0,tt0168629
12,0,17,2005-09-28,0,87.0,tt0411267
13,90000000,18,1997-05-07,263920180,126.0,tt0119116
14,92620000,19,1927-01-10,650422,153.0,tt0017136
15,0,20,2003-03-07,9726954,106.0,tt0314412
16,0,21,1966-06-15,0,91.0,tt0060371
17,140000000,22,2003-07-09,655011224,143.0,tt0325980
18,30000000,24,2003-10-10,180949045,111.0,tt0266697
19,72000000,25,2005-11-04,96889998,123.0,tt0418763
20,1400000,26,2004-02-05,0,103.0,tt0352994
21,1000000,27,2004-07-16,1574623,66.0,tt0411705
22,31500000,28,1979-08-15,89460381,147.0,tt0078788
23,0,30,1995-12-23,0,44.0,tt1530535
24,0,31,1995-12-23,0,40.0,tt6266826
25,0,32,1995-12-23,0,21.0,tt6264824
26,14000000,33,1992-08-07,159157447,131.0,tt0105695
27,75000000,35,2007-07-25,527068851,87.0,tt0462538
28,20000000,38,2004-03-19,72258126,108.0,tt0338013
29,2000000,55,2000-06-16,20908467,154.0,tt0245712
30,200000000,58,2006-06-20,1065659812,151.0,tt0383574
31,32000000,59,2005-09-23,60740827,96.0,tt0399146
32,10500000,62,1968-04-09,68700000,149.0,tt0062622
33,29500000,63,1995-12-29,168840000,129.0,tt0114746
34,0,64,2002-03-14,51001550,112.0,tt0287467
35,41000000,65,2002-11-08,242875078,110.0,tt0298203
36,50000000,66,1997-02-14,50068310,121.0,tt0118548
37,0,67,2005-02-14,3357075,90.0,tt0445620
38,15000000,68,1985-02-20,0,132.0,tt0088846
39,28000000,69,2005-09-13,186438883,136.0,tt0358273
40,30000000,70,2004-12-15,216763646,132.0,tt0405159
41,5000000,71,2000-05-18,110000000,110.0,tt0249462
42,20000000,73,1998-10-30,23875127,119.0,tt0120586
43,132000000,74,2005-06-28,591739379,116.0,tt0407304
44,70000000,75,1996-12-12,101371017,106.0,tt0116996
45,2500000,76,1995-01-27,5535405,101.0,tt0112471
46,9000000,77,2000-10-11,39723096,113.0,tt0209144
47,28000000,78,1982-06-25,32868943,117.0,tt0083658
48,31000000,79,2002-12-19,177394432,99.0,tt0299977
49,2700000,80,2004-02-10,15992615,80.0,tt0381681
50,1000000,81,1984-03-11,3301446,117.0,tt0087544
51,135000000,82,2006-07-27,163794509,134.0,tt0430357
52,130000,83,2003-12-29,54667954,79.0,tt0374102
53,18000000,85,1981-06-12,389925971,115.0,tt0082971
54,6000000,86,2006-02-10,0,105.0,tt0430051
55,28000000,87,1984-05-23,333000000,118.0,tt0087469
56,6000000,88,1987-08-21,213893795,100.0,tt0092890
57,48000000,89,1989-05-24,474171806,127.0,tt0097576
58,15000000,90,1984-11-29,316360478,105.0,tt0086960
59,20000,91,1933-12-01,0,29.0,tt0023037
60,0,92,1998-08-12,0,94.0,tt0169024
61,0,93,1959-07-01,0,160.0,tt0052561
62,0,94,2002-01-01,0,6.0,tt0436488
63,140000000,95,1998-07-01,553799566,151.0,tt0120591
64,20000000,96,1987-05-18,299965036,100.0,tt0092644
65,17000000,97,1982-07-09,33000000,96.0,tt0084827
66,103000000,98,2000-05-01,457640427,155.0,tt0172495
67,8272296,99,1999-04-19,67872296,101.0,tt0185125
68,1350000,100,1998-03-05,28356188,105.0,tt0120735
69,16000000,101,1994-09-14,45284974,110.0,tt0110413
70,0,102,2002-09-06,0,113.0,tt0315543
71,1300000,103,1976-02-07,28262574,114.0,tt0075314
72,1530000,104,1998-08-20,7267585,81.0,tt0130827
73,19000000,105,1985-07-03,381109762,116.0,tt0088763
74,18000000,106,1987-06-12,98235548,107.0,tt0093773
75,10000000,107,2000-09-01,83557872,103.0,tt0208092
76,0,108,1993-01-10,0,98.0,tt0108394
77,0,109,1994-01-26,0,91.0,tt0111507
78,0,110,1994-05-27,0,99.0,tt0111495
79,25000000,111,1983-12-08,65884703,170.0,tt0086250
80,0,112,2000-12-07,0,95.0,tt0243862
81,0,113,2003-09-19,6502364,103.0,tt0374546
82,14000000,114,1990-03-23,463000000,119.0,tt0100405
83,15000000,115,1998-03-06,46189568,117.0,tt0118715
84,15000000,116,2005-10-26,85306374,124.0,tt0416320
85,25000000,117,1987-06-03,76270454,119.0,tt0094226
86,150000000,118,2005-07-13,474968763,115.0,tt0367594
87,93000000,120,2001-12-18,871368364,178.0,tt0120737
88,79000000,121,2002-12-18,926287400,179.0,tt0167261
89,94000000,122,2003-12-01,1118888979,201.0,tt0167260
90,4000000,123,1978-11-15,30471420,132.0,tt0077869
91,0,124,1985-06-17,0,109.0,tt0086961
92,0,125,1980-01-01,0,13.0,tt0080668
93,0,126,1981-01-01,0,73.0,tt0082631
94,0,127,1987-01-10,0,123.0,tt0084549
95,26500000,128,1997-07-12,159375308,134.0,tt0119698
96,15000000,129,2001-07-20,274925095,125.0,tt0245429
97,0,132,1970-12-06,252570,90.0,tt0065780
98,0,133,1960-01-01,0,60.0,tt0054205
99,26000000,134,2000-08-30,71868327,106.0,tt0190590
100,0,135,1967-05-17,0,96.0,tt0061589
101,0,136,1932-02-20,0,64.0,tt0022913
102,14600000,137,1993-02-11,70906973,101.0,tt0107048
103,355000,138,1931-02-12,0,72.0,tt0021814
104,0,139,1999-03-12,0,98.0,tt0164756
105,5000000,140,2004-03-19,40266982,106.0,tt0275491
106,6000000,141,2001-01-18,1270522,113.0,tt0246578
107,14000000,142,2005-09-10,178043761,134.0,tt0388795
108,1250000,143,1930-04-29,0,133.0,tt0020629
109,2500000,144,1987-05-17,3210139,128.0,tt0093191
110,0,145,1996-05-13,3803298,159.0,tt0115751
111,17000000,146,2000-08-19,213525736,120.0,tt0190332
112,0,147,1959-05-04,0,99.0,tt0053198
113,5000000,148,2005-12-15,0,112.0,tt0430576
114,10000000,149,1988-07-16,0,124.0,tt0094625
115,12000000,150,1982-12-07,78868508,96.0,tt0083511
116,35000000,152,1979-12-06,139000000,132.0,tt0079945
117,4000000,153,2003-08-31,119723856,102.0,tt0335266
118,12000000,154,1982-06-03,96800000,113.0,tt0084726
119,185000000,155,2008-07-16,1004558444,152.0,tt0468569
120,0,156,2002-11-08,0,111.0,tt0329767
121,18000000,157,1984-05-31,87000000,105.0,tt0088170
122,0,158,1997-02-20,0,87.0,tt0119472
123,0,159,1994-10-05,0,90.0,tt0109255
124,0,160,1896-01-25,0,1.0,tt0000012
125,85000000,161,2001-12-07,450717150,116.0,tt0240772
126,20000000,162,1990-12-05,53000000,105.0,tt0099487
127,110000000,163,2004-12-09,362744280,125.0,tt0349903
128,2500000,164,1961-10-05,9500000,110.0,tt0054698
129,40000000,165,1989-11-22,332000000,108.0,tt0096874
130,0,166,1980-01-01,0,110.0,tt0082100
131,48000000,167,2001-10-22,50315140,120.0,tt0272152
132,24000000,168,1986-11-25,133000000,119.0,tt0092007
133,35000000,169,1990-11-20,57120318,108.0,tt0100403
134,5000000,170,2002-10-31,82719885,113.0,tt0289043
135,0,171,1982-12-08,0,109.0,tt0083686
136,30000000,172,1989-06-09,70200000,107.0,tt0098382
137,5000000,173,1954-12-23,28200000,127.0,tt0046672
138,27000000,174,1991-12-05,96900000,113.0,tt0102975
139,14390509,175,1988-05-11,0,168.0,tt0095250
140,1200000,176,2004-10-01,103911669,103.0,tt0387564
141,24000000,177,1991-09-09,41895491,137.0,tt0101889
142,0,178,1994-07-01,30156002,121.0,tt0109303
143,80000000,179,2005-04-08,162944923,128.0,tt0373926
144,102000000,180,2002-06-20,358372926,145.0,tt0181689
145,32000000,182,2006-12-08,5914908,108.0,tt0452624
146,6000000,183,1989-12-15,14278900,100.0,tt0098663
147,12000000,184,1997-12-24,39673162,154.0,tt0119396
148,2200000,185,1971-12-18,26589000,136.0,tt0066921
149,27000000,186,2006-02-24,56308881,110.0,tt0425210
150,40000000,187,2005-04-01,158733820,124.0,tt0401792
151,65000000,189,2014-08-20,39407616,102.0,tt0458481
152,0,190,2001-08-25,0,52.0,
153,3000000,191,2000-09-01,0,106.0,tt0248103
154,20000000,192,1986-09-24,77200000,130.0,tt0091605
155,38000000,193,1994-11-17,120000000,118.0,tt0111280
156,10000000,194,2001-04-25,173921954,122.0,tt0211915
157,0,195,1932-10-21,0,83.0,tt0023622
158,40000000,196,1990-05-25,244527583,118.0,tt0099088
159,72000000,197,1995-05-24,210000000,177.0,tt0112573
160,0,198,1942-03-05,0,99.0,tt0035446
161,46000000,199,1996-11-21,150000000,111.0,tt0117731
162,70000000,200,1998-12-10,118000000,103.0,tt0120844
163,60000000,201,2002-12-13,67312826,117.0,tt0253754
164,500000,203,1973-10-02,3000000,110.0,tt0070379
165,0,204,1953-04-21,0,147.0,tt0046268
166,17500000,205,2004-09-11,38000000,121.0,tt0395169
167,0,206,2003-01-01,0,89.0,tt0287624
168,16400000,207,1989-06-02,235860116,128.0,tt0097165
169,0,211,2001-11-01,0,97.0,tt0276820
170,1120175,212,1944-09-23,0,118.0,tt0036613
171,4000000,213,1959-07-07,13275000,136.0,tt0053125
172,10000000,214,2006-10-27,163876815,114.0,tt0489270
173,4000000,215,2005-10-28,152925093,89.0,tt0432348
174,130000,216,1974-03-05,0,94.0,tt0071141
175,185000000,217,2008-05-21,786636033,122.0,tt0367882
176,6400000,218,1984-10-26,78371200,108.0,tt0088247
177,12899867,219,2006-03-16,85582407,121.0,tt0441909
178,1,220,1955-03-09,5,115.0,tt0048028
179,1500000,221,1955-10-27,4500000,111.0,tt0048545
180,0,222,1927-09-23,0,69.0,tt0017668
181,1288000,223,1940-04-12,6000000,130.0,tt0032976
182,0,224,1977-02-25,0,165.0,tt0075902
183,0,225,1981-07-27,0,147.0,tt0082222
184,2000000,226,1999-09-02,11540607,118.0,tt0171804
185,10000000,227,1983-03-25,33697647,91.0,tt0086066
186,0,228,1930-03-31,0,108.0,tt0020697
187,393750,229,1935-04-21,0,75.0,tt0026138
188,50000000,231,2005-11-23,93974620,128.0,tt0365737
189,10000000,232,1983-10-20,2494480,94.0,tt0086216
190,0,233,1979-07-13,23000000,117.0,tt0080117
191,18000,234,1920-02-25,0,78.0,tt0010323
192,8000000,235,1986-08-08,52287414,89.0,tt0092005
193,3000000,236,1994-08-22,15119639,106.0,tt0110598
194,6400000,237,2003-09-26,2500000,93.0,tt0289635
195,6000000,238,1972-03-14,245066411,175.0,tt0068646
196,2883848,239,1959-03-18,25000000,122.0,tt0053291
197,13000000,240,1974-12-20,102600000,200.0,tt0071562
198,34000000,241,1994-08-25,50282766,119.0,tt0110632
199,54000000,242,1990-12-24,136766062,162.0,tt0099674
200,30000000,243,2000-03-17,47126295,113.0,tt0146882
201,672000,244,1933-04-07,10000000,100.0,tt0024216
202,27000000,245,2002-04-26,129000000,101.0,tt0276751
203,0,246,2003-09-06,0,111.0,tt0363226
204,320000,247,1956-05-08,0,85.0,tt0049406
205,2900000,248,1961-12-18,5000000,136.0,tt0055312
206,0,249,1989-12-08,0,116.0,tt0098621
207,0,250,1999-09-10,0,91.0,tt0180748
208,22000000,251,1990-07-12,505000000,127.0,tt0099653
209,3000000,252,1971-06-29,4000000,100.0,tt0067992
210,7000000,253,1973-07-05,161777836,121.0,tt0070328
211,207000000,254,2005-12-12,550517357,187.0,tt0360717
212,350000,255,1968-08-13,0,90.0,tt0062695
213,0,256,1962-06-22,0,29.0,tt1180329
214,50000000,257,2005-09-23,42093706,130.0,tt0380599
215,0,258,1970-08-31,0,97.0,tt0065651
216,0,259,1979-01-24,0,93.0,tt0078771
217,0,260,1935-06-01,0,86.0,tt0026029
218,3000000,261,1958-02-17,17570324,144.0,tt0051459
219,20000000,262,1982-12-18,0,109.0,tt0085794
220,0,265,1981-01-14,0,120.0,tt0082661
221,900000,266,1963-10-21,528428,103.0,tt0057345
222,0,267,1997-10-28,1535558,103.0,tt0118819
223,35000000,268,1989-06-23,411348924,126.0,tt0096895
224,0,269,1960-03-16,0,90.0,tt0053472
225,350000,270,2007-11-01,0,98.0,tt0997275
226,0,271,1986-12-25,0,126.0,tt0088015
227,150000000,272,2005-06-10,374218673,140.0,tt0372784
228,250000,273,2001-12-31,0,107.0,tt0276617
229,19000000,274,1991-02-01,272742922,119.0,tt0102926
230,7000000,275,1996-03-08,60611975,98.0,tt0116282
231,0,276,2004-10-25,0,127.0,tt0408777
232,22000000,277,2003-09-19,95708457,121.0,tt0320691
233,25000000,278,1994-09-23,28341469,142.0,tt0111161
234,18000000,279,1984-11-13,51973029,160.0,tt0086879
235,100000000,280,1991-07-03,520000000,137.0,tt0103064
236,42000000,281,1995-10-13,7959291,145.0,tt0114558
237,3000000,284,1960-06-15,25000000,125.0,tt0053604
238,300000000,285,2007-05-19,961000000,169.0,tt0449088
239,0,286,2006-10-03,0,107.0,tt0853060
240,7000000,287,1988-06-15,50888000,108.0,tt0094812
241,730000,288,1952-03-27,8000000,85.0,tt0044706
242,878000,289,1942-11-26,10462500,102.0,tt0034583
243,9000000,290,1991-08-01,6153939,116.0,tt0101410
244,2600000,291,2004-07-09,3166000,105.0,tt0389326
245,3000000,292,2005-09-12,11718595,100.0,tt0425598
246,0,293,1992-10-09,43440294,123.0,tt0105265
247,350000,294,1985-10-01,2400000,96.0,tt0089015
248,200000000,296,2003-07-02,435000000,109.0,tt0181852
249,90000000,297,1998-11-12,142940100,178.0,tt0119643
250,85000000,298,2007-06-06,311312624,122.0,tt0496806
251,0,299,1960-02-17,0,127.0,tt0054135
252,6000000,300,2006-02-11,9524340,105.0,tt0354899
253,0,301,1959-03-17,5800000,141.0,tt0053221
254,7800000,302,2003-05-18,22441323,102.0,tt0324133
255,2000000,303,1946-08-15,24464742,103.0,tt0038787
256,50000000,306,1994-05-24,119208989,104.0,tt0109254
257,0,307,1945-09-27,0,100.0,tt0038890
258,10000000,308,2005-05-17,45742101,105.0,tt0412019
259,1300000,309,1998-06-19,0,105.0,tt0154420
260,80000000,310,2003-05-23,484572835,101.0,tt0315327
261,30000000,311,1984-05-23,0,229.0,tt0087843
262,0,312,1996-12-18,0,109.0,tt0116692
263,12000000,313,2006-02-09,1381665,112.0,tt0448124
264,100000000,314,2004-07-22,82102379,104.0,tt0327554
265,45000,315,1965-08-06,0,83.0,tt0059170
266,600000,316,2002-02-12,0,111.0,tt0304126
267,0,317,2006-03-01,0,90.0,tt0464029
268,8000000,318,2000-02-09,0,122.0,tt0120753
269,12500000,319,1993-09-09,12281551,120.0,tt0108399
270,46000000,320,2002-05-24,113714830,118.0,tt0278504
271,4361898,321,2003-06-06,3031801,92.0,tt0330602
272,25000000,322,2003-10-07,156822020,138.0,tt0327056
273,33000000,326,2006-08-06,62022014,105.0,tt0417148
274,12000000,327,2000-09-09,15250000,114.0,tt0222851
275,63000000,329,1993-06-11,920100000,127.0,tt0107290
276,73000000,330,1997-05-23,618638999,129.0,tt0119567
277,93000000,331,2001-07-18,368780809,92.0,tt0163025
278,75000000,332,1999-07-23,0,78.0,tt0141369
279,0,333,2002-01-01,0,101.0,tt0303785
280,37000000,334,1999-12-10,48451803,189.0,tt0175880
281,5000000,335,1968-12-21,5321508,175.0,tt0064116
282,0,336,1971-10-20,0,157.0,tt0067140
283,0,337,2003-12-03,11576431,94.0,tt0329388
284,4800000,338,2003-02-09,79384880,121.0,tt0301357
285,3500000,339,1991-12-12,2015810,129.0,tt0102536
286,7000000,340,2005-09-16,2697930,106.0,tt0404030
287,0,341,2006-09-11,0,103.0,tt0489010
288,2700000,342,2004-09-02,0,98.0,tt0420206
289,1200000,343,1971-12-20,0,91.0,tt0067185
290,2888030,344,1999-08-26,0,110.0,tt0135790
291,65000000,345,1999-07-14,162091208,159.0,tt0120663
292,2000000,346,1954-04-26,271841,207.0,tt0047478
293,0,347,1930-02-04,0,74.0,tt0020163
294,11000000,348,1979-05-25,104931801,117.0,tt0078748
295,0,349,2005-03-30,0,93.0,tt0428430
296,35000000,350,2006-06-30,326551094,109.0,tt0458352
297,1000000,351,2006-02-15,0,88.0,tt0416213
298,0,363,2004-03-11,11030861,121.0,tt0347048
299,80000000,364,1992-06-19,280000000,126.0,tt0103776
300,1800000,377,1984-11-14,25504513,91.0,tt0087800
301,6000000,378,1987-03-01,29180280,94.0,tt0093822
302,14000000,379,1990-09-21,5080409,115.0,tt0100150
303,25000000,380,1988-12-11,412800000,133.0,tt0095953
304,2500000,381,1955-08-03,8750000,106.0,tt0048728
305,22500,383,1986-02-05,0,78.0,tt0089537
306,14000000,387,1981-09-16,85000000,149.0,tt0082096
307,45000000,388,2006-03-23,185798265,129.0,tt0454848
308,350000,389,1957-03-25,1000000,96.0,tt0050083
309,0,390,1994-12-16,0,100.0,tt0110361
310,200000,391,1964-09-12,14500000,99.0,tt0058461
311,25000000,392,2000-12-14,152500343,121.0,tt0241303
312,30000000,393,2004-04-16,152159461,136.0,tt0378194
313,70000000,395,2004-08-12,171183863,101.0,tt0370263
314,7500000,396,1966-06-21,33736689,131.0,tt0061184
315,0,397,1995-05-05,0,111.0,tt0113117
316,7000000,398,2005-09-30,49084830,114.0,tt0379725
317,8000000,400,1995-12-01,529766,116.0,tt0114660
318,2500000,401,2004-07-28,26781723,102.0,tt0333766
319,49000000,402,1992-03-20,352927224,127.0,tt0103772
320,7500000,403,1989-12-13,145793296,99.0,tt0097239
321,10000000,404,1999-10-15,0,112.0,tt0166896
322,0,405,1954-07-16,0,104.0,tt0047528
323,2600000,406,1995-05-31,15300000,98.0,tt0113247
324,500000,407,1998-10-15,0,93.0,tt0162426
325,1488423,408,1937-12-20,184925486,83.0,tt0029583
326,27000000,409,1996-11-14,231976425,162.0,tt0116209
327,0,410,2005-09-09,0,105.0,tt0477877
328,180000000,411,2005-12-07,748806957,143.0,tt0363771
329,100000000,414,1995-06-16,336529144,121.0,tt0112462
330,125000000,415,1997-06-20,238207122,125.0,tt0118688
331,0,419,2005-01-27,0,105.0,tt0383041
332,50000000,421,2004-12-10,34808403,119.0,tt0362270
333,0,422,1963-02-14,0,138.0,tt0056801
334,35000000,423,2002-09-24,120072577,150.0,tt0253474
335,22000000,424,1993-12-15,321365567,195.0,tt0108052
336,59000000,425,2002-03-10,383257136,81.0,tt0268380
337,2479000,426,1958-05-09,28000000,128.0,tt0052357
338,0,427,1958-05-10,0,118.0,tt0050706
339,0,428,2006-10-11,0,97.0,tt0806679
340,1200000,429,1966-12-23,6000000,161.0,tt0060196
341,3000000,430,1961-12-15,4000000,115.0,tt0055256
342,250000,431,1997-09-09,501818,90.0,tt0123755
343,6000000,433,1964-08-27,102272727,139.0,tt0058331
344,0,434,2006-03-09,0,99.0,tt0475317
345,125000000,435,2004-05-26,544272402,124.0,tt0319262
346,0,436,2004-01-18,0,101.0,tt0390221
347,0,437,2002-04-15,0,94.0,tt0285492
348,825000,438,2004-10-15,0,97.0,tt0377713
349,0,439,1960-02-05,19516000,174.0,tt0053779
350,40000000,440,2007-12-25,41797066,94.0,tt0758730
351,6000000,441,2001-05-18,705308,96.0,tt0219822
352,2224000,442,2004-09-24,28000000,100.0,tt0314524
353,0,445,2005-05-02,36000000,117.0,tt0387898
354,0,446,2003-02-11,0,105.0,tt0351238
355,3600000,451,1995-10-27,49800000,112.0,tt0113627
356,2500000,452,1998-04-28,7235,117.0,tt0154421
357,60000000,453,2001-12-11,313542341,135.0,tt0268978
358,14500000,454,1996-11-01,147298761,120.0,tt0117509
359,3500159,455,2002-04-11,76578641,112.0,tt0286499
360,0,457,1955-12-22,0,102.0,tt0048624
361,0,458,1956-12-18,0,107.0,tt0049762
362,0,459,1957-12-18,0,109.0,tt0050974
363,0,460,2005-01-06,0,136.0,tt0416331
364,52000000,462,2000-03-17,256271286,131.0,tt0195685
365,0,464,2004-09-03,0,132.0,tt0382330
366,0,465,1988-03-03,0,88.0,tt0094596
367,2500000,466,1971-06-21,12512637,114.0,tt0067309
368,0,467,2001-04-20,0,102.0,tt0242527
369,2500000,468,1991-09-29,6401336,104.0,tt0102494
370,0,469,1984-10-01,0,89.0,tt0088184
371,20000000,470,2003-09-06,60427839,124.0,tt0315733
372,0,471,1997-11-07,0,102.0,tt0129774
373,60000,473,1998-07-10,3221152,84.0,tt0138704
374,2500000,475,1967-07-18,50700000,111.0,tt0061418
375,2500000,476,1989-09-09,4729352,100.0,tt0097240
376,46000000,479,2000-06-15,107196498,99.0,tt0162650
377,0,480,2001-08-30,0,114.0,tt0265343
378,0,481,2005-10-14,0,86.0,tt0461894
379,4000000,482,1971-07-02,12121618,100.0,tt0067741
380,9500000,483,1990-08-17,14560247,124.0,tt0100935
381,1300000,488,1951-12-03,10750000,105.0,tt0043265
382,10000000,489,1997-12-05,225933435,126.0,tt0119217
383,0,490,1957-02-16,0,96.0,tt0050976
384,0,491,2002-07-04,0,90.0,tt0301343
385,13000000,492,1999-10-29,22863596,112.0,tt0120601
386,1978000,493,1972-06-08,10000000,104.0,tt0069257
387,2142000,494,1973-06-14,1458000,112.0,tt0070679
388,18000000,496,2006-11-01,261572744,82.0,tt0443453
389,60000000,497,1999-12-10,284600000,189.0,tt0120689
390,0,499,1962-04-11,0,90.0,tt0055852
391,10000000,500,1992-09-02,0,99.0,tt0105236
392,0,501,2005-08-12,0,103.0,tt0427312
393,0,502,1964-10-07,0,112.0,tt0058083
394,160000000,503,2006-05-12,181674817,99.0,tt0409182
395,8000000,504,2003-12-24,60378584,110.0,tt0340855
396,20000000,505,1989-09-12,7237794,94.0,tt0097626
397,2135161,506,1964-07-09,7000000,130.0,tt0058329
398,1500000,507,1993-10-01,418961,96.0,tt0110265
399,40000000,508,2003-09-07,244931766,135.0,tt0314331
400,42000000,509,1999-05-13,363889678,124.0,tt0125439
401,3000000,510,1975-11-18,108981275,133.0,tt0073486
402,0,511,1975-02-21,0,179.0,tt0072446
403,4000000,512,2006-07-27,31584901,96.0,tt0457513
404,0,513,1996-09-06,501533,108.0,tt0116308
405,1400000,521,1954-05-29,3000000,104.0,tt0046912
406,18000000,522,1994-09-27,5887457,127.0,tt0109707
407,0,523,2006-03-02,0,92.0,tt0454931
408,52000000,524,1995-11-22,116112375,178.0,tt0112641
409,27000000,525,1980-06-17,115229890,133.0,tt0080455
410,20000000,526,1985-03-27,18432000,121.0,tt0089457
411,0,527,1994-09-02,2201126,99.0,tt0110729
412,0,530,1990-05-18,0,23.0,tt0104361
413,0,531,1993-12-17,0,30.0,tt0108598
414,0,532,1995-12-24,0,30.0,tt0112691
415,30000000,533,2005-09-04,192452832,85.0,tt0312004
416,200000000,534,2009-05-20,371353001,115.0,tt0438488
417,4000000,535,1983-04-14,92921203,95.0,tt0085549
418,0,536,2007-03-01,0,60.0,tt0958195
419,0,537,2005-10-12,0,93.0,tt0436445
420,10000,538,2004-02-11,0,52.0,tt0485662
421,806948,539,1960-06-16,32000000,109.0,tt0054215
422,3500000,540,2004-01-21,0,91.0,tt0367631
423,0,541,1955-12-14,0,119.0,tt0048347
424,1800000,542,2002-10-01,0,118.0,tt0313196
425,0,543,1929-06-30,0,84.0,tt0019702
426,23000000,544,1998-07-15,369884651,119.0,tt0129387
427,1000000,546,2005-12-23,13350369,103.0,tt0407265
428,60000000,547,1998-05-14,186883563,170.0,tt0119314
429,250000,548,1950-12-26,96568,88.0,tt0042876
430,2962051,549,1996-08-09,3011195,108.0,tt0115632
431,63000000,550,1999-10-15,100853753,139.0,tt0137523
432,5000000,551,1972-12-01,84563118,117.0,tt0069113
433,0,552,2000-03-03,0,114.0,tt0237539
434,10000000,553,2003-05-19,16680836,178.0,tt0276919
435,0,554,2002-01-01,0,100.0,tt0308476
436,0,555,2005-04-20,0,94.0,tt0442896
437,139000000,557,2002-05-01,821708551,121.0,tt0145487
438,200000000,558,2004-06-25,783766341,127.0,tt0316654
439,258000000,559,2007-05-01,890871626,139.0,tt0413300
440,0,560,1948-01-01,0,99.0,tt0040766
441,100000000,561,2005-02-08,230884728,121.0,tt0360486
442,28000000,562,1988-07-15,140767956,131.0,tt0095016
443,105000000,563,1997-11-07,121214377,129.0,tt0120201
444,80000000,564,1999-04-16,415885488,124.0,tt0120616
445,48000000,565,2002-10-18,249348933,115.0,tt0298130
446,1000000,567,1954-08-01,36764313,112.0,tt0047396
447,52000000,568,1995-06-30,355237933,140.0,tt0112384
448,0,570,2001-03-07,0,86.0,tt0243255
449,2500000,571,1963-03-28,11403529,119.0,tt0056869
450,2400000,572,2005-03-10,0,75.0,tt0453383
451,3500000,573,1972-05-25,12600000,116.0,tt0068611
452,2500000,574,1956-06-01,10250000,120.0,tt0049470
453,0,575,2001-03-07,0,114.0,tt0250258
454,6244087,576,1969-06-17,638641,145.0,tt0065214
455,20000000,577,1995-09-22,21284514,106.0,tt0114681
456,7000000,578,1975-06-18,470700000,124.0,tt0073195
457,20000000,579,1978-06-16,187884007,116.0,tt0077766
458,23000000,580,1987-07-17,51881013,89.0,tt0093300
459,22000000,581,1990-11-09,424208848,181.0,tt0099348
460,2000000,582,2006-03-15,70000000,137.0,tt0405094
461,4000000,583,1979-08-17,20045115,94.0,tt0079470
462,76000000,584,2003-06-05,236350661,107.0,tt0322259
463,115000000,585,2001-11-01,562816256,92.0,tt0198781
464,15000000,586,1997-12-25,64256513,97.0,tt0120885
465,70000000,587,2003-12-25,122919055,125.0,tt0319061
466,50000000,588,2006-04-21,97607453,125.0,tt0384537
467,25000000,590,2002-12-27,41597830,114.0,tt0274558
468,125000000,591,2006-05-17,767820459,149.0,tt0382625
469,1600000,592,1974-04-07,4420000,113.0,tt0071360
470,0,593,1972-03-20,0,167.0,tt0069293
471,60000000,594,2004-06-17,219417255,128.0,tt0362227
472,2000000,595,1962-12-25,13129846,129.0,tt0056592
473,750000,596,1940-03-15,0,129.0,tt0032551
474,200000000,597,1997-11-18,1845034188,194.0,tt0120338
475,3300000,598,2002-02-05,30641770,130.0,tt0317248
476,1752000,599,1950-08-10,5000000,110.0,tt0043014
477,17000000,600,1987-06-26,46357676,116.0,tt0093058
478,10500000,601,1982-06-11,792965326,115.0,tt0083866
479,0,602,1996-06-25,0,145.0,tt0116629
480,63000000,603,1999-03-30,463517383,136.0,tt0133093
481,150000000,604,2003-05-15,738599701,138.0,tt0234215
482,150000000,605,2003-11-05,424988211,129.0,tt0242653
483,31000000,606,1985-12-20,128499205,161.0,tt0089755
484,90000000,607,1997-07-02,589390539,98.0,tt0119654
485,140000000,608,2002-07-03,441818803,88.0,tt0120912
486,10700000,609,1982-06-04,122200000,114.0,tt0084516
487,70000000,612,2005-12-23,130358911,164.0,tt0408306
488,18339750,613,2004-09-08,92180910,156.0,tt0363163
489,0,614,1957-12-26,0,90.0,tt0050986
490,30000000,615,2004-02-25,611899420,127.0,tt0335345
491,140000000,616,2003-12-05,456758981,154.0,tt0325710
492,20000000,617,1998-03-20,67200000,108.0,tt0120890
493,100000,618,1915-02-08,11000000,193.0,tt0004972
494,25000000,619,1992-11-25,411006740,129.0,tt0103855
495,30000000,620,1984-06-07,295212467,107.0,tt0087332
496,6000000,621,1978-07-07,181813770,110.0,tt0077631
497,38000000,622,1999-08-25,58401898,133.0,tt0142688
498,7500000,623,1988-07-15,62493712,108.0,tt0095159
499,360000,624,1969-05-07,0,95.0,tt0064276
500,14400000,625,1984-11-02,34700291,141.0,tt0087553
501,0,626,1929-06-05,0,16.0,tt0020530
502,4000000,627,1996-02-23,16491080,93.0,tt0117951
503,60000000,628,1994-11-11,223664608,123.0,tt0110148
504,6000000,629,1995-07-19,23341568,106.0,tt0114814
505,2777000,630,1939-08-15,33754967,102.0,tt0032138
506,0,631,1927-11-04,121,94.0,tt0018455
507,1661530,632,1953-05-29,0,120.0,tt0046359
508,2300000,633,1977-09-22,0,149.0,tt0076734
509,25000000,634,2001-04-13,281929795,97.0,tt0243155
510,17000000,635,1987-03-06,17185632,113.0,tt0092563
511,777000,636,1971-03-11,2437000,86.0,tt0066434
512,20000000,637,1997-12-20,229400000,116.0,tt0118799
513,15000000,638,1997-01-15,3675201,134.0,tt0116922
514,16000000,639,1989-07-21,92823546,96.0,tt0098635
515,52000000,640,2002-12-25,352114312,141.0,tt0264464
516,4500000,641,2000-10-06,7390108,102.0,tt0180093
517,6000000,642,1969-09-23,102308889,110.0,tt0064115
518,0,643,1925-12-24,45100,75.0,tt0015648
519,100000000,644,2001-06-29,235926552,146.0,tt0212720
520,950000,646,1962-10-04,59600000,110.0,tt0055928
521,0,647,2005-07-14,0,101.0,tt0385700
522,0,648,1946-10-29,0,96.0,tt0038348
523,0,649,1967-05-24,0,101.0,tt0061395
524,6500000,650,1991-07-12,57504069,112.0,tt0101507
525,3500000,651,1970-01-24,81600000,116.0,tt0066026
526,175000000,652,2004-05-03,497409852,163.0,tt0332452
527,0,653,1922-03-15,0,94.0,tt0013442
528,910000,654,1954-06-22,9600000,108.0,tt0047296
529,1746964,655,1984-05-19,2181987,145.0,tt0087884
530,2000000,657,1963-10-11,78898765,115.0,tt0057076
531,2500000,658,1964-09-17,124881062,110.0,tt0058150
532,0,659,1979-05-02,0,163.0,tt0078875
533,5500000,660,1965-12-16,141195658,130.0,tt0059800
534,0,661,1979-02-20,0,120.0,tt0079095
535,0,662,1962-02-16,0,28.0,tt0056119
536,10000000,663,2007-10-25,139352633,96.0,tt0890870
537,92000000,664,1996-05-10,494471524,113.0,tt0117998
538,15000000,665,1959-12-26,146900000,212.0,tt0052618
539,2900000,666,1998-11-20,5596708,113.0,tt0140888
540,9500000,667,1967-06-12,111584787,117.0,tt0062512
541,6500000,668,1969-12-12,81974493,142.0,tt0064757
542,53000,669,1922-06-11,0,79.0,tt0013427
543,3000000,670,2003-09-28,14980005,120.0,tt0364569
544,125000000,671,2001-11-16,976475550,152.0,tt0241527
545,100000000,672,2002-11-13,876688482,161.0,tt0295297
546,130000000,673,2004-05-31,789804554,141.0,tt0304141
547,150000000,674,2005-11-16,895921036,157.0,tt0330373
548,150000000,675,2007-06-28,938212738,138.0,tt0373889
549,140000000,676,2001-05-21,449220945,183.0,tt0213149
550,0,677,1938-04-20,0,126.0,tt0030522
551,0,678,1947-11-13,0,97.0,tt0039689
552,18500000,679,1986-07-18,183316455,137.0,tt0090605
553,8000000,680,1994-09-10,213928762,154.0,tt0110912
554,7200000,681,1971-12-13,116019547,120.0,tt0066995
555,7000000,682,1974-12-01,97572000,125.0,tt0071807
556,0,685,1938-04-20,0,100.0,tt0030523
557,90000000,686,1997-07-11,171120329,150.0,tt0118884
558,11000000,687,1995-12-29,39363635,122.0,tt0112818
559,24000000,688,1995-05-28,182016617,135.0,tt0112579
560,0,689,1975-01-01,0,223.0,tt0073800
561,0,690,1959-12-16,0,75.0,tt0053168
562,14000000,691,1977-07-07,185438673,125.0,tt0076752
563,12000,692,1972-03-12,6000000,93.0,tt0069089
564,80000000,693,2004-12-22,516642939,115.0,tt0290002
565,19000000,694,1980-05-22,44017374,144.0,tt0081505
566,0,695,1993-09-05,6110979,187.0,tt0108122
567,0,696,1979-04-25,39946780,96.0,tt0079522
568,0,697,1928-01-20,0,94.0,tt0018217
569,34000000,698,1979-06-26,210308099,126.0,tt0079574
570,28000000,699,1981-06-23,195312802,127.0,tt0082398
571,27500000,700,1983-06-05,187500000,131.0,tt0086034
572,0,701,1923-11-19,0,73.0,tt0014341
573,1800000,702,1951-09-18,8000000,125.0,tt0044081
574,4000000,703,1977-04-19,38251425,93.0,tt0075686
575,560000,704,1964-07-06,12299668,88.0,tt0058182
576,1400000,705,1950-11-09,63463,138.0,tt0042192
577,0,706,1974-06-20,0,141.0,tt0071458
578,30000000,707,1985-05-24,152427960,131.0,tt0090264
579,40000000,708,1987-06-29,191185897,130.0,tt0093428
580,32000000,709,1989-07-07,156167015,133.0,tt0097742
581,58000000,710,1995-11-16,352194034,130.0,tt0113189
582,43000000,711,2000-12-21,80049764,136.0,tt0181536
583,6000000,712,1994-03-09,254700832,117.0,tt0109831
584,7000000,713,1993-05-19,116700000,121.0,tt0107822
585,110000000,714,1997-12-11,333011068,119.0,tt0120347
586,0,742,2000-08-25,0,106.0,tt0203166
587,0,743,1998-01-01,0,87.0,tt0129659
588,15000000,744,1986-05-16,356830601,110.0,tt0092099
589,40000000,745,1999-08-06,672806292,107.0,tt0167404
590,23000000,746,1987-10-21,43984230,163.0,tt0093389
591,4000000,747,2004-04-09,30332385,99.0,tt0365748
592,0,750,1961-01-01,0,87.0,tt0055205
593,0,751,1963-01-01,0,81.0,tt0057334
594,54000000,752,2006-03-15,132511035,132.0,tt0434409
595,275000,753,1968-11-24,0,130.0,tt0062952
596,80000000,754,1997-06-27,245676146,138.0,tt0119094
597,19000000,755,1996-01-19,25836616,108.0,tt0116367
598,2280000,756,1940-11-13,83320000,124.0,tt0032455
599,0,757,1964-03-01,0,90.0,tt0058383
600,0,758,1964-06-01,0,93.0,tt0058382
601,0,759,1953-07-14,12000000,91.0,tt0045810
602,0,760,1973-10-17,0,100.0,tt0069747
603,0,761,1976-10-27,0,104.0,tt0074103
604,400000,762,1975-05-25,5028948,91.0,tt0071853
605,3000000,763,1992-08-13,242623,104.0,tt0103873
606,350000,764,1981-10-15,29400000,85.0,tt0083907
607,3600000,765,1987-03-13,5923044,84.0,tt0092991
608,11000000,766,1992-10-09,0,81.0,tt0106308
609,250000000,767,2009-07-07,933959197,153.0,tt0417741
610,35000000,768,2001-10-19,74558115,122.0,tt0120681
611,25000000,769,1990-09-12,46836394,145.0,tt0099685
612,4000000,770,1939-12-15,400176459,238.0,tt0031381
613,18000000,771,1990-11-09,476684675,103.0,tt0099785
614,18000000,772,1992-11-19,358991681,120.0,tt0104431
615,8000000,773,2006-07-26,100523181,102.0,tt0449059
616,0,774,1895-06-10,0,2.0,tt0000010
617,5985,775,1902-09-01,0,14.0,tt0000417
618,8847685,776,1939-06-08,0,110.0,tt0031885
619,0,777,1937-06-04,0,114.0,tt0028950
620,0,778,1953-02-26,0,87.0,tt0046487
621,0,779,1932-05-06,0,74.0,tt0023649
622,0,780,1928-04-21,0,82.0,tt0019254
623,0,781,1997-10-30,0,120.0,tt0120522
624,36000000,782,1997-09-07,12532777,106.0,tt0119177
625,22000000,783,1982-11-30,77737889,191.0,tt0083987
626,0,784,1996-05-05,5770254,105.0,tt0116790
627,0,785,1932-05-14,0,74.0,tt0023104
628,60000000,786,2000-09-15,47383689,122.0,tt0181875
629,110000000,787,2005-06-07,478207520,120.0,tt0356910
630,25000000,788,1993-11-24,441286195,125.0,tt0107614
631,0,789,1966-11-18,0,89.0,tt0060802
632,1000000,790,1980-02-08,21378361,89.0,tt0080749
633,18,791,2005-10-14,46,100.0,tt0432291
634,6000000,792,1986-12-19,138530565,120.0,tt0091763
635,6000000,793,1986-08-01,8551228,120.0,tt0090756
636,2800000,794,1976-06-06,60922980,111.0,tt0075005
637,55000000,795,1998-04-10,198685114,114.0,tt0120632
638,10500000,796,1999-03-05,75902208,97.0,tt0139134
639,0,797,1966-10-18,0,85.0,tt0060827
640,0,798,1953-08-26,0,91.0,tt0046218
641,0,799,1999-03-11,0,107.0,tt0161935
642,0,800,1950-11-09,0,85.0,tt0042804
643,13000000,801,1987-12-23,123922370,121.0,tt0093105
644,2000000,802,1962-06-13,9250000,153.0,tt0056193
645,0,803,1955-01-01,0,32.0,tt0048434
646,1500000,804,1953-08-26,12000000,119.0,tt0046250
647,3200000,805,1968-06-12,33395426,136.0,tt0063522
648,25000000,806,2006-06-06,119188334,110.0,tt0466909
649,33000000,807,1995-09-22,327311859,127.0,tt0114369
650,60000000,808,2001-05-16,484409218,90.0,tt0126029
651,150000000,809,2004-05-19,919838758,93.0,tt0298148
652,160000000,810,2007-05-17,798958165,93.0,tt0413267
653,1000000,811,1972-03-09,0,89.0,tt0067756
654,28000000,812,1992-11-25,504050219,90.0,tt0103639
655,3500000,813,1980-07-02,83453539,88.0,tt0080339
656,10000000,814,1981-08-21,31973249,97.0,tt0082010
657,23000000,815,1999-10-03,0,91.0,tt0204824
658,16500000,816,1997-05-02,67683989,94.0,tt0118655
659,33000000,817,1999-06-08,312016858,95.0,tt0145660
660,63000000,818,2002-07-26,296655431,94.0,tt0295178
661,44000000,819,1996-10-18,165615285,147.0,tt0117665
662,40000000,820,1991-12-20,205405498,189.0,tt0102138
663,3000000,821,1961-12-01,10000000,186.0,tt0055031
664,0,822,1958-10-10,0,100.0,tt0051792
665,0,823,1999-11-17,0,102.0,tt0193253
666,52500000,824,2001-03-09,179213434,127.0,tt0203009
667,20000000,825,1998-12-30,3970078,121.0,tt0145734
668,3000000,826,1957-10-02,27200000,161.0,tt0050212
669,0,827,1955-01-29,0,116.0,tt0046911
670,1200000,828,1951-09-17,0,92.0,tt0043456
671,6000000,829,1974-06-20,30000000,130.0,tt0071315
672,1900000,830,1956-03-15,3250000,98.0,tt0049223
673,800000,831,1955-06-01,0,87.0,tt0047577
674,0,832,1931-05-11,0,117.0,tt0022100
675,0,833,1952-01-20,0,91.0,tt0045274
676,50000000,834,2006-01-12,111340801,106.0,tt0401855
677,0,835,1932-12-22,0,114.0,tt0022869
678,0,836,1963-08-22,0,115.0,tt0057654
679,5952000,837,1983-02-04,2120439,87.0,tt0086541
680,777000,838,1973-08-01,140000000,110.0,tt0069704
681,450000,839,1972-10-01,0,90.0,tt0067023
682,20000000,840,1977-11-16,303788635,135.0,tt0075860
683,40000000,841,1984-12-14,30925690,137.0,tt0087182
684,0,842,2004-05-17,3537961,95.0,tt0364961
685,0,843,2000-05-22,12854953,98.0,tt0118694
686,12000000,844,2004-05-20,19271312,129.0,tt0212712
687,1200000,845,1951-06-18,7000000,101.0,tt0044079
688,66000000,846,1998-06-19,189198313,121.0,tt0120902
689,35000000,847,1988-05-01,57269863,126.0,tt0096446
690,18000000,848,1981-06-26,14110013,108.0,tt0082288
691,27000000,849,1983-07-29,16519460,117.0,tt0085811
692,0,850,1983-11-18,19294144,94.0,tt0085334
693,0,851,1945-11-24,0,86.0,tt0037558
694,0,852,1958-06-09,0,95.0,tt0051588
695,68000000,853,2001-03-14,96976270,131.0,tt0215750
696,23000000,854,1994-07-29,351583407,101.0,tt0110475
697,92000000,855,2001-12-28,172989651,144.0,tt0265086
698,70000000,856,1988-06-21,329803958,104.0,tt0096438
699,70000000,857,1998-07-24,481840909,169.0,tt0120815
700,21000000,858,1993-06-24,227799884,105.0,tt0108160
701,14000000,859,1988-12-16,34670720,119.0,tt0094947
702,12000000,860,1983-06-03,79567667,114.0,tt0086567
703,10000000,861,1990-06-01,261317921,113.0,tt0100802
704,30000000,862,1995-10-30,373554033,81.0,tt0114709
705,90000000,863,1999-10-30,497366869,92.0,tt0120363
706,14000000,864,1993-09-30,154856263,98.0,tt0106611
707,27000000,865,1987-11-13,38122105,101.0,tt0093894
708,25000000,866,2004-10-17,116766556,106.0,tt0308644
709,40000000,867,1993-05-21,116300000,108.0,tt0108162
710,3000000,868,2005-08-18,9879971,94.0,tt0468565
711,100000000,869,2001-07-25,362211740,119.0,tt0133152
712,0,870,2002-09-05,0,114.0,tt0330229
713,5800000,871,1968-02-07,33395426,112.0,tt0063442
714,2540800,872,1952-04-10,7200000,103.0,tt0045152
715,15000000,873,1985-12-18,146292009,154.0,tt0088939
716,3900000,874,1966-12-12,28350000,120.0,tt0060665
717,0,875,1932-02-02,0,80.0,tt0023458
718,0,877,1932-04-09,600000,90.0,tt0023427
719,0,878,1944-01-28,0,97.0,tt0036818
720,70000000,879,1991-12-11,300854823,142.0,tt0102057
721,900000,880,1995-09-12,0,102.0,tt0112379
722,40000000,881,1992-12-11,243240178,138.0,tt0104257
723,0,882,1984-11-16,0,103.0,tt0087273
724,0,883,2003-09-05,7897645,96.0,tt0379217
725,10000000,884,1996-07-17,0,96.0,tt0115964
726,0,885,1928-09-16,0,76.0,tt0018839
727,0,886,1965-10-15,15260000,102.0,tt0059037
728,2100000,887,1946-12-25,23650000,172.0,tt0036868
729,46000000,888,1994-05-26,341631208,91.0,tt0109813
730,83000000,889,2000-04-28,59468275,90.0,tt0158622
731,0,890,1995-09-08,0,127.0,tt0114354
732,8500000,891,1976-04-04,70600000,138.0,tt0074119
733,4000000,892,1991-04-17,1794187,99.0,tt0101700
734,0,893,2000-05-10,0,97.0,tt0246859
735,0,894,2005-03-17,0,105.0,tt0396273
736,0,895,1966-12-16,0,205.0,tt0060107
737,0,896,1959-05-01,16000,117.0,tt0052572
738,0,897,1956-10-11,170215,110.0,tt0048956
739,2650000,898,1962-07-03,3100000,147.0,tt0055798
740,0,899,1919-05-13,0,90.0,tt0009968
741,1073000,900,1938-02-18,0,102.0,tt0029947
742,1500000,901,1931-01-30,19181,87.0,tt0021749
743,18000000,902,1995-05-16,1738611,108.0,tt0112682
744,3200000,903,1967-06-22,16217773,126.0,tt0061512
745,0,904,1914-04-30,0,,tt0006102
746,0,905,1929-01-30,0,109.0,tt0018737
747,0,906,1930-09-15,0,90.0,tt0020842
748,11000000,907,1965-12-22,111858363,197.0,tt0059113
749,850000,908,2005-09-08,0,82.0,tt0446460
750,1707561,909,1944-11-23,7566000,113.0,tt0037059
751,0,910,1946-08-23,0,116.0,tt0038355
752,0,911,1940-11-29,0,72.0,tt0032234
753,4300000,912,1968-06-19,0,102.0,tt0063688
754,48000000,913,1999-08-06,124305181,113.0,tt0155267
755,2000000,914,1940-10-15,11000000,125.0,tt0032553
756,5500000,916,1968-10-17,42300873,113.0,tt0062765
757,0,917,1957-02-13,0,172.0,tt0050188
758,18000000,918,1987-03-27,39321715,95.0,tt0092666
759,0,919,2000-11-18,0,48.0,tt0275230
760,120000000,920,2006-06-08,461983149,117.0,tt0317219
761,88000000,921,2005-06-02,108539911,144.0,tt0352248
762,9000000,922,1995-12-23,0,121.0,tt0112817
763,650000,923,1978-09-02,55000000,127.0,tt0077402
764,28000000,924,2004-03-19,102356381,101.0,tt0363547
765,6500000,925,1989-06-30,37295445,120.0,tt0097216
766,45000000,926,1999-12-23,90683916,102.0,tt0177789
767,11000000,927,1984-06-07,153083102,106.0,tt0087363
768,50000000,928,1990-06-15,41482207,106.0,tt0099700
769,130000000,929,1998-05-20,379014294,139.0,tt0120685
770,0,930,1942-06-12,0,100.0,tt0034815
771,1500000,931,1973-12-03,0,110.0,tt0069995
772,0,932,1946-10-14,0,91.0,tt0038769
773,0,933,1968-06-19,0,97.0,tt0061756
774,0,934,1955-04-13,460226,122.0,tt0048021
775,1800000,935,1964-01-29,9440272,95.0,tt0057012
776,0,936,1963-12-19,10878107,115.0,tt0057413
777,600000,938,1965-12-18,15000000,132.0,tt0059578
778,0,939,1927-10-06,0,89.0,tt0018037
779,0,940,1938-07-26,0,96.0,tt0030341
780,15000000,941,1987-03-06,120207127,110.0,tt0093409
781,25000000,942,1989-07-07,227853986,114.0,tt0097733
782,35000000,943,1992-05-15,321731527,118.0,tt0104714
783,140000000,944,1998-07-10,285444603,127.0,tt0122151
784,0,946,1948-04-28,0,87.0,tt0040536
785,15000000,947,1962-12-10,69995385,216.0,tt0056172
786,10000000,948,1978-10-24,0,91.0,tt0077651
787,60000000,949,1995-12-15,187436818,170.0,tt0113277
788,80000000,950,2006-03-23,660940780,91.0,tt0438097
789,15000000,951,1990-12-21,201957688,111.0,tt0099938
790,75000000,953,2005-05-25,532680671,86.0,tt0351283
791,80000000,954,1996-05-22,457696359,110.0,tt0117060
792,125000000,955,2000-05-24,546388105,123.0,tt0120755
793,150000000,956,2006-05-03,397850012,126.0,tt0317919
794,22700000,957,1987-06-24,38119483,96.0,tt0094012
795,750000,961,1926-12-31,0,79.0,tt0017925
796,923000,962,1925-06-25,2500000,95.0,tt0015864
797,375000,963,1941-10-17,1000000,100.0,tt0033870
798,0,964,1925-09-06,0,103.0,tt0016220
799,0,965,1942-07-10,0,88.0,tt0035015
800,2000000,966,1960-10-22,4905000,128.0,tt0054047
801,12000000,967,1960-10-06,60000000,197.0,tt0054331
802,1800000,968,1975-08-11,46665856,125.0,tt0072890
803,935000,975,1957-09-18,0,88.0,tt0050825
804,0,976,1957-06-27,0,96.0,tt0051036
805,0,977,1931-03-18,0,84.0,tt0022458
806,70000000,978,1997-09-12,131457682,136.0,tt0120102
807,0,979,2002-05-22,792200,97.0,tt0290673
808,0,980,1943-03-11,0,75.0,tt0036244
809,0,981,1940-12-05,0,112.0,tt0032904
810,80000000,982,1962-10-24,96105910,126.0,tt0056218
811,0,983,1975-12-03,0,129.0,tt0073341
812,10000000,984,1971-12-21,35976000,102.0,tt0066999
813,10000,985,1977-03-19,7000000,89.0,tt0074486
814,800,986,1965-12-22,0,115.0,tt0059012
815,4000000,987,1974-12-01,0,105.0,tt0071524
816,5900000,988,1979-03-16,51718367,122.0,tt0078966
817,0,989,1940-06-14,0,100.0,tt0032811
818,2000000,990,1961-09-25,7600000,134.0,tt0054997
819,1500000,991,1976-03-18,0,138.0,tt0074851
820,0,992,1924-04-21,0,49.0,tt0015324
821,0,993,1972-12-10,0,138.0,tt0069281
822,2200000,994,1971-12-29,3251794,116.0,tt0067800
823,531374,995,1939-03-02,1103757,96.0,tt0031971
824,927262,996,1944-04-24,2500000,107.0,tt0036775
825,15000000,1018,2001-09-08,20117339,147.0,tt0166924
826,3700000,1023,2005-04-15,0,94.0,tt0418455
827,5000000,1024,1994-09-12,3049135,99.0,tt0110005
828,0,1039,1998-06-19,0,95.0,tt0141824
829,0,1040,1963-03-28,0,185.0,tt0057091
830,0,1049,1993-02-05,140081992,109.0,tt0108185
831,0,1050,1999-09-13,0,92.0,tt0215369
832,1800000,1051,1971-10-09,41158757,104.0,tt0067116
833,0,1052,1966-12-18,0,111.0,tt0060176
834,0,1058,1983-05-13,19910002,100.0,tt0085276
835,0,1059,1958-12-28,0,139.0,tt0051808
836,21500000,1073,1999-03-19,0,117.0,tt0137363
837,0,1075,1998-06-01,0,127.0,tt0118843
838,8000000,1088,2003-01-30,41400000,101.0,tt0298228
839,24000000,1089,1991-07-12,83531958,120.0,tt0102685
840,16000000,1090,1999-04-16,18564088,100.0,tt0139809
841,15000000,1091,1982-06-25,19629760,109.0,tt0084787
842,0,1092,1949-08-31,596349,105.0,tt0041959
843,0,1093,1958-01-29,263404,91.0,tt0051378
844,6000000,1103,1981-05-22,50244700,99.0,tt0082340
845,0,1114,2003-06-29,0,91.0,tt0373861
846,0,1115,2005-09-15,0,85.0,tt0419773
847,6500000,1116,2006-03-24,22889018,124.0,tt0460989
848,0,1123,2006-10-27,4291965,101.0,tt0437232
849,40000000,1124,2006-10-19,109676311,130.0,tt0482571
850,70000000,1125,2006-12-25,154937680,134.0,tt0443489
851,0,1126,2004-06-11,0,126.0,tt0385017
852,0,1127,2005-09-02,0,113.0,tt0434292
853,500000,1162,1962-05-22,2500000,106.0,tt0056241
854,0,1163,2000-11-12,0,95.0,tt0246786
855,25000000,1164,2006-09-08,135330182,143.0,tt0449467
856,15000000,1165,2006-09-15,123384128,103.0,tt0436697
857,40000000,1213,1999-12-25,128798265,139.0,tt0134119
858,0,1244,2007-02-01,957744,114.0,tt0764639
859,11500000,1245,1993-11-05,23237911,134.0,tt0107943
860,24000000,1246,2006-12-20,155721132,102.0,tt0479143
861,85000000,1247,2006-12-11,59908565,167.0,tt0343737
862,50000000,1248,2007-02-06,82169884,121.0,tt0367959
863,0,1249,2006-08-31,16803753,126.0,tt0427969
864,110000000,1250,2007-02-16,228738393,114.0,tt0259324
